[Name]	[Effect]	[Prerequisite]	[Level Prerequisite]	[Type]
Aerilate	Normal-Type Moves used by this Pokemon are now Flying-Type.	Flying-Type Pokemon	3	Rare Quality
Anger Shell	Whenever this Pokemon takes damage from Physical Moves, this Pokemon gets Def Down 2, Sp.Def Down 2, Atk Up 2, Sp. Atk Up 2.	Pokemon with a shell	3	Rare Quality
Bad Dreams	Whenever a Foe Pokemon is Asleep in the same Room as this Pokemon, they take 1d6 damage at the start of their turn.	Must know atleast 1 Move that causes the Asleep condition	3	Rare Quality
Berserk	Whenever this Pokemon is reduced below 50% HP, the Pokemon has Sp.Atk Up 2.		3	Rare Quality
Big Pecks	This Pokemon cannot have their Defence lowered.	Flying-Type Pokemon	3	Rare Quality
Brick-Tough	When you take this Rare Quality, you add 5 x your Current Level to your HP total. You gain 5HP extra per Level Up from here-on.		3	Rare Quality
Charismatic	This Pokemon gains Influence as a Major Skill.		3	Rare Quality
Cheek Pouch	Whenever this Pokemon eats a Berry, they heal for 2d6 in addition to the Berry's effect.		3	Rare Quality
Chlorophyll	This Pokemon doubles their Speed Stat when the Weather is Harsh Sunlight.	Grass-Type Pokemon	3	Rare Quality
Compound-Eyes	This Pokemon cannot be Blinded. Whenever this Pokemon makes an Awareness Check, they get an additional 1d6 to their roll. This Pokemon's Visible Range in Dungeons is increased by 5.	Pokemon with segmented or more than two eyes	3	Rare Quality
Corrosion	This Pokemon can afflict the Poisoned condition even on Steel-type and Poison-type Pokemon.	Poison-Type Pokemon	3	Rare Quality
Curious Medicine	Whenever this Pokemon enters a Battle, Stat changes are reset for themself and Team Members.		3	Rare Quality
Deceptive	This Pokemon gains Decieve as a Major Skill.		3	Rare Quality
Defeatist	This Pokemon has their Physical and Special Moves power increased by 1 when above 50% HP. When below 50% HP, their Move Power is decreased by 1.		3	Rare Quality
Drunken Step	If this Pokemon is attacked whilst Confused, roll a d6. On a 1-3, the Move misses.		3	Rare Quality
Dry Skin	If the Weather is Harsh Sunlight, this Pokemon takes 1d6 damage at the end of its turn. If the Weather is Rain, this Pokemon heals 1d6 at the end of its turn		3	Rare Quality
Early Bird	This Pokemon wakes up from the Asleep at the start of their first turn whilst having the condition.		3	Rare Quality
Ecologist	This Pokemon gains Ecology as a Major Skill.		3	Rare Quality
Effect Spore	Whenever this Pokemon is attacked by a Physical Move, roll a d6. On a 5-6, the attacker gets a Status. Roll another d6 to determine Status. 1-2 is Poisoned, 3-4 is Paralyzed, 5-6 is Asleep.	Grass-Type Pokemon	3	Rare Quality
Flame Body	Whenever this Pokemon is attacked by a Physical Move, roll a d6. On a 5-6, the attacker is Burned.	Fire-Type Pokemon	3	Rare Quality
Flare Boost	Whenever this Pokemon is Burned, their Special Moves have their Move Power increased by 1.		3	Rare Quality
Flash Fire	Whenever this Pokemon is attacked by a Fire-Type Move, they take no damage, and the Move Power of their Fire Type Moves increases by 1.	Fire-Type Pokemon	3	Rare Quality
Frisk	Whenever this Pokemon enters a Battle, this Pokémon can check all Foe Pokémon's held item(s).		3	Rare Quality
Galvanize	Normal-Type Moves used by this Pokemon are now Electric-Type.	Electric-Type Pokemon	3	Rare Quality
Gluttony	Held berries are eaten at 75% HP or lower rather than 50%.		3	Rare Quality
Gooey	Whenever this Pokemon is attacked by a Physical Move, the attacker gets Spe Down 2.	Pokemon that naturally emit slime or goo.	3	Rare Quality
Grass Pelt	Whenever this Pokemon is on Grassy Terrain, they get Def Up 2.	Grass-Type Pokemon	3	Rare Quality
Harvest	Whenever this Pokemon uses their Berry, roll a d6. On a 4-6, this Pokemon regains their Berry.	Grass-Type Pokemon	3	Rare Quality
Healer	This Pokemon's Healing-based Moves have their Move Power increased by 1.	Must have atleast 1 move that restores HP.	3	Rare Quality
Heatproof	This Pokemon takes half damage from Fire-Type Moves.		3	Rare Quality
Honey Gather	Whenever this Pokemon finishes a Battle, roll a d6. On a 5-6, this Pokemon finds Honey.		3	Rare Quality
Hustle	Whenever this Pokemon makes an Influence Check, they get an additional 1d6 to their roll.		3	Rare Quality
Hydration	This Pokémon's Status Conditions are cured at the end of their turn when the Weather is Rain.	Water-Type Pokemon	3	Rare Quality
Hyper Cutter	This Pokemon cannot have its Attack stat lowered.		3	Rare Quality
Ice Body	If the Weather is a Snowstorm, this Pokemon gains 1d6 health at the end of their turn.	Ice-Type Pokemon	3	Rare Quality
Immovable Object	This Pokemon cannot be pushed or teleported against their will.		3	Rare Quality
Immunity	This Pokemon cannot be Poisoned.		3	Rare Quality
Inner Focus	This Pokemon cannot be Flinched or affected by Intimidate.		3	Rare Quality
Insomnia	This Pokemon cannot be Yawning or fall Asleep.		3	Rare Quality
Intuitive	This Pokemon gains Intuition as a Major Skill.		3	Rare Quality
Iron Fist	This Pokemon's Punching Moves have their Move Power increased by 1.		3	Rare Quality
Justified	Whenever this Pokémon is damaged by a Dark-type Move, are Taunted or affected by Intimidate, this Pokemon gets Atk Up 2.		3	Rare Quality
Keen Eye	Whenever this Pokemon makes an Awareness Check, they get an additional 1d6 to their roll. This Pokemon's Visible Range in Dungeons is increased by 5.		3	Rare Quality
Klutz	Prevents the effects of the Held Item of this Pokémon from applying.		3	Rare Quality
Leaf Guard	If the Weather is Harsh Sunlight, this Pokemon cannot be affected by Status Conditions.	Grass-Type Pokemon	3	Rare Quality
Leave Half	An Apple, Max Ether, or Tiny Reviver Seed will remain in the Toolbox after this Pokemon uses a Big Apple, Perfect Apple, Max Elixir, or Reviver Seed.	Must have an Exploration Skill as a Minor or Major Skill	3	Rare Quality
Levitate	This Pokemon always levitates off the ground, is immune to Ground-Type moves, Spikes, Toxic Spikes, Sticky Web, Traps, and Terrain.	Pokemon that naturally float or have wings	3	Rare Quality
Limber	This Pokemon cannot be Paralyzed.		3	Rare Quality
Liquid Ooze	Pokemon that use a Move that regains HP from attacking this Pokemon, take the damage they would have healed instead.	Poison-Type Pokemon	3	Rare Quality
Logician	This Pokemon gains Logic as a Major Skill.		3	Rare Quality
Lonely Courage	When no teammates are in the same Room as this Pokemon, all of their Moves have their Move Power increased by 1.		3	Rare Quality
Magma Armour	This Pokemon cannot be Frozen. Any Item thrown at this Pokemon burn up.	Fire-Type Pokemon	3	Rare Quality
Magnet Pull	Foe Steel-Type Pokemon have halved movement moving away from this Pokemon, and have doubled movement moving towards this Pokemon.	Electric-Type or Pokemon with inherent magnetism	3	Rare Quality
Mega Launcher	This Pokemon's Pulse Moves have their Move Power increased by 1.		3	Rare Quality
Mind Over Matter	Whenever this Pokémon steps on a Wonder Tile, its Status Condition is also restored.	Must have an Intellect Skill as a Minor or Major Skill	3	Rare Quality
Minus	Whenever this Pokemon starts a Battle with a Team Member that has Plus, their Special Moves have their Move Power increased by 1.	Electric-Type & Steel-Type Pokemon	3	Rare Quality
Natural Cure	Whenever this Pokemon finishes a Battle, all Status Conditions for them and their Team are cured.		3	Rare Quality
No Guard	This Pokemon has the Move Power of all Moves increased by 1, but all Pokemon that attack them have their Move Power increased by 1.		3	Rare Quality
Nontraitor	This Pokemon cannot hit allies in confusion		3	Rare Quality
Oblivious	This Pokemon cannot be Infatuated or Taunted, or affected by Intimidate.		3	Rare Quality
Overcoat	This Pokemon cannot be affected by powders, spores, or Sandstorm	Pokemon with armour or fur	3	Rare Quality
Pickpocket	This Pokémon steals the Held Item from Pokemon that make a Physical Attack against them. Whenever this Pokemon makes a Stealth Check, they get an additional 1d6 to their roll.	Dark-Type Pokemon	3	Rare Quality
Pixilate	Normal-Type Moves used by this Pokemon are now Fairy-Type.	Fairy-Type Pokemon	3	Rare Quality
Plus	Whenever this Pokemon starts a Battle with a Team Member that has Minus, their Special Moves have their Move Power increased by 1.	Electric-Type & Steel-Type Pokemon	3	Rare Quality
Poison Heal	Whenever this Pokemon ends their turn whilst Poisoned or Badly Poisoned, they do not take damage from being Poisoned, and instead heal for 1d6.		3	Rare Quality
Poison Point	Whenever this Pokemon is attacked by a Physical Move, roll a d6. On a 5-6, the attacker is Poisoned.	Poison-Type Pokemon	3	Rare Quality
Poison Touch	If this Pokemon uses a Physical Move, roll a d6. On a 6, that Pokemon is Poisoned.	Poison-Type Pokemon	3	Rare Quality
PP Pouch	Whenever this Pokemon defeats a foe, the last move used to defeat that foe has its PP restored by 5.		3	Rare Quality
Pressure	Pokemon that use a Move against this Pokemon use 2PP instead of 1.		3	Rare Quality
Rain Dish	This Pokemon gains 1d6 health at the end of their turn whilst in Rain.	Grass-Type & Water-Type Pokemon	3	Rare Quality
Rattled	Whenever this Pokemon is damaged by a Ghost-Type or Bug-Type Move or Frightened, this Pokemon gets Spe Up 2.		3	Rare Quality
Reckless	This Pokemon's Recoil-Based Moves have their Move Power increased by 1.		3	Rare Quality
Refrigerate	Normal-Type Moves used by this Pokemon are now Ice-Type.	Ice-Type Pokemon	3	Rare Quality
Regenerator	Whenever this Pokemon finishes a Battle, this Pokemon and its Team Members heal 1d6.		3	Rare Quality
Rivalry	This Pokemon has the Move Power of their Moves against Pokemon with the same gender increased by 1, and Move Power of their Moves against Pokemon with the opposite gender reduced by 1.	Male or Female Gender	3	Rare Quality
Rock Head	This Pokemon takes no damage from Recoil.		3	Rare Quality
Run Away	This Pokemon cannot be hit by a Move triggered by an Opportunity Strike.		3	Rare Quality
Sand Rush	Whenever the Weather is a Sandstorm, this Pokemon's Speed stat is doubled.		3	Rare Quality
Sand Stream	Whenever this Pokemon enters a Battle, the Current Floor's Weather becomes a Sandstorm.	Rock-Type & Ground-Type Pokemon	3	Rare Quality
Sand Veil	Whenever the Weather is a Sandstorm, and this Pokemon is attacked, roll a d6. On a 1-3, the Move misses.		3	Rare Quality
Scholar	This Pokemon gains Memory as a Major Skill.		3	Rare Quality
Scrappy	This Pokémon can hit Ghost-type Pokémon with Normal- and Fighting-type moves. It is also unaffected by Intimidate.	Normal-Type & Fighting-Type Pokemon	3	Rare Quality
Sharpness	This Pokemon's Cutting Moves have their Move Power increased by 1.		3	Rare Quality
Simple	Whenever this Pokemon has a Stat Up or Stat Down, that effect is doubled.	IQ must be the lowest stat.	3	Rare Quality
Slush Rush	When the Weather is a Snowstorm, this Pokemon's Speed stat is doubled.	Ice-Type Pokemon	3	Rare Quality
Sneaky	This Pokemon gains Stealth as a Major Skill.		3	Rare Quality
Snow Cloak	Whenever the Weather is a Snowstorm, and this Pokemon is attacked, roll a d6. On a 1-3, the Move misses.	Ice-Type Pokemon	3	Rare Quality
Solar Powered	If the Weather is Harsh Sunlight, this Pokemon takes 1d6 damage at the end of its turn, but its Special Moves have their Move Power increased by 1.		3	Rare Quality
Soundproof	This Pokemon is not affected by Sound-based Moves.		3	Rare Quality
Stall	This Pokemon always moves last.		3	Rare Quality
Star of the Show	This Pokemon's Sound-Based Moves have their Move Power increased by 1.		3	Rare Quality
Static	Whenever this Pokemon is attacked by a Physical Move, roll a d6. On a 5-6, the attacker is Paralyzed.	Electric-Type Pokemon	3	Rare Quality
Steadfast	Whenever this Pokemon is Flinched, they gain Spe Up 2. Whenever this Pokemon makes an Intuition Check, they get an additional 1d6 to their roll.		3	Rare Quality
Sticky Hold	This Pokemon cannot have their Held Item taken away.		3	Rare Quality
Strong Jaw	This Pokemon's Biting Moves have their Move Power increased by 1.		3	Rare Quality
Sturdy	This Pokémon cannot be knocked out by a single hit as long as its HP is full. One-hit KO moves will also fail to knock it out.		3	Rare Quality
Surge Surfer	Whenever this Pokemon is on Electric Terrain, they double their Speed Stat.	Electric-Type Pokemon	3	Rare Quality
Swift Swim	This Pokemon doubles their Speed Stat in water tiles and when the Weather is Rain.	Water-Type Pokemon	3	Rare Quality
Synchronize	If this Pokémon is burned, paralyzed, or poisoned by another Pokémon, that Pokémon will be inflicted with the same status condition.		3	Rare Quality
Tangling Hair	When this Pokemon is hit by a Physical Move, Spe Down 2 for the attacking Pokemon	Has hair or tentacles	3	Rare Quality
Telepathy	This Pokemon can speak telepathically. Whenever a Move is used by an Ally that could damage them, they take no damage.	Psychic-Type Pokemon	3	Rare Quality
Thermal Exchange	Whenever this Pokemon is damaged by a Fire-Type Move, Atk Up 2.	Ice-Type Pokemon	3	Rare Quality
Toxic Boost	Whenever this Pokemon is Poisoned or Badly Poisoned, their Physical Moves have their Move Power increased by 1.		3	Rare Quality
Tracker	This Pokemon gains Tracking as a Major Skill.		3	Rare Quality
Trapper	This Pokemon gains Traps as a Major Skill.		3	Rare Quality
Triage	This Pokemon's Healing-based Moves have Priority.	Must have atleast 1 move that restores HP.	3	Rare Quality
Unburden	Whenever this Pokemon uses or loses its Held Item, the Pokemon gets Spe Up 2.		3	Rare Quality
Volt Absorb	Whenever this Pokemon is attacked by an Electric-Type Move, they are healed for the damage rolled instead of damaged.	Electric-Type Pokemon	3	Rare Quality
Water Absorb	Whenever this Pokemon is attacked by a Water-Type Move, they take no damage and are healed for the damage rolled.	Water-Type & Grass-Type Pokemon	3	Rare Quality
Water Compaction	Whenever this Pokemon is attacked by a Water-Type Move, this Pokemon gets Def Up 4.	Ground-Type Pokemon	3	Rare Quality
Water Veil	This Pokemon cannot be Burned.	Water-Type Pokemon	3	Rare Quality
Wind Rider	Whenever this Pokemon is in Tailwind or damaged by a Wind-based Move, Atk Up 2.		3	Rare Quality
				Rare Quality
[Name]	[Effect]	[Prerequisite]	[Level Prerequisite]	[Type]
Aroma Veil	This Pokemon and its Team Members cannot be affected by Moves that prevent the use of Moves.	Fairy-Type Pokemon	6	Rare Quality
Bulletproof	This Pokemon takes no damage from Ball or Bomb Moves		6	Rare Quality
Clear Body	This Pokemon cannot have their Stats lowered.		6	Rare Quality
Colour Change	Whenever this Pokémon is hit by a damaging Move, their Type(s) will be changed to the type of the move that it was hit by.		6	Rare Quality
Damp	This Pokémon dampens its surroundings, preventing explosions from Powder, Self-Destruct and Explosion.		6	Rare Quality
Dancer	Whenever a Dance-based Move is used in the same Room as this Pokemon, this Pokemon copies that Move immediately.		6	Rare Quality
Defiant	Whenever this Pokemon's stats are lowered, this Pokemon gains Atk Up 2.		6	Rare Quality
Drought	Whenever this Pokemon enters a Battle, the Current Floor's Weather becomes Harsh Sunlight.		6	Rare Quality
Drizzle	Whenever this Pokemon enters a Battle, the Current Floor's Weather becomes Rain.		6	Rare Quality
Electric Surge	Whenever this Pokemon enters a Battle, the Room has the Electric Terrain effect for 5 turns.		6	Rare Quality
Flower Gift	If the Weather is Harsh Sunlight, the Move Power of this Pokemon and its Team Members increases by 1.		6	Rare Quality
Fluffy	This Pokemon takes half damage from Physical Moves, but double damage from Fire-Type Moves.	Pokemon with fur	6	Rare Quality
Gale Wings	This Pokemon's Flying-Type Moves have Priority whenever they are at 100% HP.	Flying-Type Pokemon	6	Rare Quality
Gorilla Tactics	This Pokemon's first Move in a Battle has its Move Power increased by 1, but cannot use any other Move for the rest of the Battle.		6	Rare Quality
Grassy Surge	Whenever this Pokemon enters a Battle, the Room has the Grassy Terrain effect for 5 turns.		6	Rare Quality
Guts	Whenever this Pokemon has a Status Condition, this Pokemon has the Move Power of their Physical Moves increased by 1.		6	Rare Quality
Infiltrator	This Pokémon's Moves ignore Foe's barriers, substitutes, and Invulnerability. Whenever this Pokemon makes a Stealth Check, they get an additional 1d6 to their roll.	Sneak must be a Minor or Major Skill	6	Rare Quality
Lightningrod	Whenever a Foe's Electric-type Move is used in the same Room or Hallway as this Pokemon, it is redirected and deals no damage, and the Pokemon with this ability gets Sp.Atk Up 2.	Electric-Type & Ground-Type Pokemon, or Pokemon with a horn	6	Rare Quality
Liquid Voice	This Pokemon's Sound-based Moves now become Water-Type Moves.	Water-Type Pokemon	6	Rare Quality
Long Reach	This Pokemon's Physical Moves that have a range of "Foe in Front" now have their range extended to "Foe up to 2-tiles away".		6	Rare Quality
Magic Bounce	This Pokemon has permanent Magic Coat status.	Psychic-Type Pokemon	6	Rare Quality
Magician	Whenever this Pokemon uses a damaging Move, it steals the Foe's Held Item. Items on the Dungeon Floor can be picked up from 4 tiles away.		6	Rare Quality
Merciless	This Pokemon's Move Power is increased by 1 against Poisoned foes.	Poison-Type Pokemon	6	Rare Quality
Mirror Armour	This Pokemon has permanent Magic Coat status.	Steel-Type Pokemon	6	Rare Quality
Misty Surge	Whenever this Pokemon enters a Battle, the Room has the Misty Terrain effect for 5 turns.		6	Rare Quality
Moody	Whenever this Pokemon ends their turn in battle, roll a d6. 1 for Atk, 2 for Def, 3 for Sp.Atk, 4 for Sp.Def, 5 for Spe, 6 for IQ. That stat is raised by 4. Roll another d6, and that stat is lowered by 2. No stat can be raised this way higher than 8.		6	Rare Quality
Motor Drive	This Pokémon takes no damage from Electric-type moves. Instead, this Pokemon gets Spe Up 2.	Electric-Type & Steel-Type Pokemon	6	Rare Quality
Moxie	Whenever this Pokémon knocks out a Foe, this Pokemon gets Atk Up 2.		6	Rare Quality
Multiscale	Whenever this Pokemon takes damage at 100% HP, the damage is halved.		6	Rare Quality
Narrow Focus	Moves used by this Pokemon in a Hallway will have their Move Power increased by 1.		6	Rare Quality
Neutralizing Gas	Whenever this Pokemon enters a Battle, all Abilities in the Room are nullified.		6	Rare Quality
Nimble	This Pokemon gains Movement as a Major Skill.	Must have Movement as a Minor Skill	6	Rare Quality
Normalize	All moves (including status moves) used by this Pokémon become Normal-type instead of their usual type.	Normal-Type Pokemon	6	Rare Quality
[Name]	[Effect]	[Prerequisite]	[Level Prerequisite]	[Type]
Pastel Veil	This Pokemon and its Team Members cannot be Poisoned.	Fairy-Type Pokemon	6	Rare Quality
Perceptive	This Pokemon gains Awareness as a Major Skill.	Must have Awareness as a Minor Skill	6	Rare Quality
Power of Alchemy	When this Pokemon KO's a Foe, they copy that Pokemon's Ability. This effect ends after leaving the current Floor.		6	Rare Quality
Protosynthesis	Whenever the Weather is Harsh Sunlight, this Pokemon's highest stat modifier is increased by 2. Tied stats are determined by a d6 roll.		6	Rare Quality
Psychic Surge	Whenever this Pokemon enters a Battle, the Room has the Psychic Terrain effect for 5 turns.		6	Rare Quality
Queenly Majesty	Pokemon in the same Room as this Pokemon cannot use Moves that have Priority.	Sassy Nature	6	Rare Quality
Resistant	This Pokemon gains Special Status Resistance as a Major Skill.	Must have Special Status Resistance as a Minor Skill	6	Rare Quality
Riled Up	Whenever an Ally is damaged by a foe, this Pokemon gets Atk Up 2, Sp.Atk Up 2.		6	Rare Quality
Ripen	Berries ripen when Held by this Pokemon. Ripened Berries have their effects doubled.	Grass-Type Pokemon	6	Rare Quality
Sand Force	Whenever the Weather is a Sandstorm, this Pokemon's Rock-Type, Ground-Type, or Steel-Type Moves have their Move Power increased by 1.	Rock-Type, Ground-Type & Steel-Type Pokemon	6	Rare Quality
Sap Sipper	Whenever this Pokemon is damaged by a Grass-Type Move, they take no damage, and get Atk Up 2.		6	Rare Quality
Screen Cleaner	Whenever this Pokemon walks through a Light Screen or Reflect, it ends.		6	Rare Quality
Shadow Tag	Opposing Pokémon cannot flee from the current room or Hallway in battle.	Ghost-Type & Psychic-Type Pokemon	6	Rare Quality
Shield Dust	This Pokemon ignores the secondary effect of Moves.	Bug-Type Pokemon	6	Rare Quality
Snow Warning	Whenever this Pokemon enters a Battle, the Current Floor's Weather becomes a Snowstorm.		6	Rare Quality
Speed Boost	Whenever this Pokemon finishes their turn in Battle, they get Spe Up 2.		6	Rare Quality
Steam Engine	Whenever this Pokémon is damaged by a Water-Type Move, Spe Up 6	Fire-Type Pokemon	6	Rare Quality
Stench	When this Pokemon is hit by a Physical Move, roll a d6. On a 6, the attacker is Frightened.	Poison-Type Pokemon	6	Rare Quality
Storm Drain	Whenever a Foe's Water-type Move is used in the same Room or Hallway as this Pokemon, it is redirected and deals no damage, and the Pokemon with this ability gets Sp.Atk Up 2.	Water-Type & Grass-Type Pokemon	6	Rare Quality
Strong	This Pokemon gains Strength as a Major Skill.	Must have Strength as a Minor Skill	6	Rare Quality
Sweet Veil	This Pokemon and its Team Members cannot fall Asleep in battle.	Grass-Type & Fairy-Type Pokemon	6	Rare Quality
Thick Fat	Halves the damage from Fire-Type and Ice-Type Moves.		6	Rare Quality
Tough	This Pokemon gains Endurance as a Major Skill.	Must have Endurance as a Minor Skill	6	Rare Quality
Toxic Debris	Whenever this Pokemon is damaged by a Physical Move, Toxic Spikes are scattered at 3 tiles chosen in a 1-tile radius.	Poison-Type Pokemon	6	Rare Quality
Truant	This Pokemon has the Move Power of their Physical Moves increased by 2, but cannot use a Move or use their Movement for their next turn.		6	Rare Quality
Unbreakable	This Pokemon gains Physical Status Resistance as a Major Skill.	Must have Physical Status Resistance as a Minor Skill	6	Rare Quality
Vital Spirit	This Pokemon cannot fall Asleep and gains 1d6 to Strength checks.		6	Rare Quality
Weak Armour	Whenever this Pokemon takes damage from Physical Moves, this Pokemon gets Def Down 2, Spe Up 4.		6	Rare Quality
				Rare Quality
Bastion	This Pokemon takes half damage from Physical Moves.		9	Rare Quality
Contrary	Attempts to boost the stats of this Pokemon lower them instead, and vice versa.		9	Rare Quality
Friend Guard	Damage dealt to Team Members deal half damage. This effect cannot stack.	Friendship Track Cleared 4 Times.	9	Rare Quality
Huge Power	This Pokemon has the Move Power of all Physical Moves increased by 1.		9	Rare Quality
Protean	Whenever this Pokemon uses a Move, its Type changes to match the Move's Type.		9	Rare Quality
R_esistant (error)	This Pokemon takes half damage from Special Moves.		9	Rare Quality
Serene Grace	This Pokemon gains 1d6 to their Status Check whenever they apply an additional affect from their Physical or Special Moves.		9	Rare Quality
Skill Link	This Pokemon's Multistrike Moves always hit 5 times.	Must know atleast 1 Multistrike Move	9	Rare Quality
Super Luck	This Pokemon scores a Critical Hit on their Moves on a 5-6.		9	Rare Quality
[Name]	[Effect]	[Prerequisite]	[Level Prerequisite]	[Type]
pickup	Every time you enter a new floor of a dungeon, roll a d6. On a 3-6, you find a Berry, Thrown Item or Food item, appropriate for that Dungeon, determined by the GM.	explorer	0	Class Ability
illuminate	Lights up the Dungeon Floor, increasing Visibility by 5 Tiles, and have permanent Eyedrop status.	explorer	0	Class Ability
tough-as-nails	You gain Physical Status Resist and Special Status Resist as Minor Skills.	survivalist	2	Specialization Ability
acute sniffer	When you reach a new Floor in a Dungeon, you know the number of Items that are lying on the ground.	treasure hunter	2	Specialization Ability
protected from the elements	This Pokémon cannot be affected by powders, spores, or Sandstorm.	survivalist	4	Specialization Ability
coin watcher	When picking up Poké in a Dungeon, you find 20% more than usual.	treasure hunter	4	Specialization Ability
forge a path	You can break a Wall and move into its space at the cost of double your Movement for that Tile.	explorer	5	Class Ability
all-terrain hiker	This Pokémon can now walk on any horizontal surface, including water and lava, and are immune to any effects arising from those Tiles. You are unable to walk across Air Tiles, however.	survivalist	7	Specialization Ability
treasure lore	You always know the list of Items it is possible to encounter in any Dungeon you know about.	treasure hunter	7	Specialization Ability
air lock	You can choose to eliminate all Weather and Terrain effects on the current Floor as an Action. You can use this feature twice per Dungeon, or two per day outside of Dungeons, instead affecting a 1-mile range.	explorer	10	Class Ability
forewarn	When you enter a Battle, you discover one Move a Foe of your choice currently has.	mission expert	0	Class Ability
arena trap	Foes cannot flee from the current Room or Hallway in a Battle.	mission expert	0	Class Ability
to the rescue!	When you enters the same Floor as a Pokémon that needs rescuing, you know the location of that Pokémon, and your Battle Movement increases by 2 for that Floor.	first responder	2	Specialization Ability
thrill of the chase	When you enter the same Floor as an Outlaw, you know the location of that Pokémon, and your Battle Movement increases by 2 for that Floor.	bounty hunter	2	Specialization Ability
moving up	When travelling to a new Floor, the entire Team heals for 1d6.	first responder	4	Specialization Ability
opportunist	If a Foe’s Stat is boosted, you seize the opportunity to boost the same stat for yourself as a Reaction.	bounty hunter	4	Specialization Ability
always prepared	You always know the list of Wild Pokémon it is possible to encounter in any Dungeon you know about, and know if any Weather or Terrain can appear there.	mission expert	5	Class Ability
triage	This Pokémon’s Healing-based Moves have Priority.	first responder	7	Specialization Ability
ceaseless	When attacking, this Pokémon ignores the Foe’s Stat changes.	bounty hunter	7	Specialization Ability
base camp	When you pass through the Stairs between Dungeon Floors, you can choose to set up a Waypoint. It includes a Kangaskhan Rock in, allowing your team to access their Storage. This Feature can be used once per 10 Floors of a Dungeon.	mission expert	10	Class Ability
prankster	You have Priority on your Status Moves.	strategist	0	Class Ability
analysis	When you enter a Battle, your Attack or Special Attack is raised by 2, based on the enemy's Defence or Special Defence (whichever is lower). If they are equal, both Attack and Special Attack increase by 2.	strategist	0	Class Ability
leap ahead	When an Ally Pokémon behind you uses a 1-tile Move, they jump in front, swapping places with them. After it uses the move, that Pokémon returns to its original spot. This feature affects your whole team.	tactician	2	Specialization Ability
battle armour	Critical Hits only deal normal damage to you. Foes cannot explode their dice when attacking you.	guardian	0	Class Ability
marvel scale	The Pokémon boosts its Def or Sp. Def modifier by 2, your choice, if it has a Status Condition.	guardian	0	Class Ability
body on the line	If a team member next to this Pokémon would be hit by a Move, you can choose to take the damage instead as a Reaction.	aegis	2	Specialization Ability
protective veil	If an Ally adjacent you would be afflicted with a Status Condition; you can choose to take on the Status Condition instead of your Ally as a Reaction.	ward	2	Specialization Ability
filter	Pokémon do not gain any benefits of a Super Effective hit against you.	aegis	4	Specialization Ability
magic guard	You cannot take damage from anything other than Moves and Fall Damage. Damage from sources such as secondary “chip” damage from Moves are ignored.	ward	4	Specialization Ability
last stand	When you are about to be KO’d, you instead drop to 1HP. This Feature can’t be used again until you have been Revived, or restored to 100% HP.	guardian	5	Class Ability
rough skin	Whenever you are damaged by a Physical Move from a Foe, the attacker takes 1d6 damage.	aegis	7	Specialization Ability
cursed body	Whenever you are damaged by a Move from a Foe, roll 1d6. On a 5-6, the attacker’s Move that triggered this ability is Disabled for 4 turns.	ward	7	Specialization Ability
stamina	Whenever you take damage from a Physical Move, Defence Up 2. Whenever you take damage from a Special Move, Special Defence Up 2.	guardian	10	Class Ability
intimidate	When a battle begins, choose one target to Intimidate. The target’s Atk modifier drops by 2. Alternatively, you can attempt to Frighten them with an Influence vs Intuition Check.	brawler	0	Class Ability
steamroll	Moves that have no effect or are not very effective due to Abilities or bad type matchups will be able to deal regular damage instead.	brawler	0	Class Ability
strike back	When you, or an Ally within a 1-tile range, takes damage from an enemy within 1-tile, you can use an Opportunity Strike as a Reaction, targeting the attacker.	rapid	2	Specialization Ability
aggressor	When a Battle begins, your Attack modifier increases by 2. However, your choice of either Defence or Special Defence modifier is reduced by 2.	fury	2	Specialization Ability
first strike	Your Priority Moves have their Move Power increased by 1.	rapid	4	Specialization Ability
sheer force	Your Physical Moves have their Move Power increased by 1, but they lose their Secondary Effect.	fury	4	Specialization Ability
stakeout	Your Opportunity Strikes have their Move Power increased by 1, and Foes cannot gain the benefit of an Escape Action.	brawler	5	Class Ability
rapid-fire blows	Foes that are adjacent to the target of your Physical Moves take half the damage you dealt. This Feature only applies to Physical Moves that can target only one Foe.	rapid	7	Specialization Ability
anger point	If you are damaged by a Move that has scored a Critical Hit against you, you gain Attack Up 6.	fury	7	Specialization Ability
brawl!	Once per Battle, you get Attack Up 2 for each Foe in the same Room or Hallway as you.	brawler	10	Class Ability
competitive	Whenever your Stats are lowered, you get Special Attack Up 2.	specialist	0	Class Ability
trace	When you enter a Battle, you copy a Foe of your choice’s Ability. It lasts until the next Floor, or the next Battle, whichever is first.	specialist	0	Class Ability
emergency exit	When you take damage from an enemy within a 1-tile range, you can use your Reaction to move 1 Tile away. You cannot choose a Tile that is occupied.	swift	2	Specialization Ability
focused shot	Your Special Moves with a Range of “Foe up to (x) tiles ahead” have their Range increased by 1.	patient	2	Specialization Ability
quickdraw	Whenever a Round of Battle starts, Roll a d6. On a 5-6, you have Priority on your Special Moves.	swift	4	Specialization Ability
sense aura	You can now make an Intuition Check as a Reaction. When making an Intuition Check against a Pokémon, you can read their Aura, granting you insight into their Nature. You also learn three of their Stats of your choice.	patient	4	Specialization Ability
opportunity shot	You can make an Opportunity Strike as a Reaction when a Pokémon Moves out of a 2-Tile Range of you instead of a 1-Tile Range.	specialist	5	Class Ability
rapid-fire cannon	You can perform a second Move on your Turn. This Move only deals half the damage of the first Move, and can only target 1 Pokémon.	swift	7	Specialization Ability
last laugh	Your Special Moves have their Move Power increased by 1 if you are the last to use a Move in a Round of Battle.	patient	7	Specialization Ability
adaptability	Your Moves that have Same-Type-Attack-Bonus (STAB) have their Move Power increased by 1.	specialist	10	Class Ability
cute charm	Pokémon that damage you with a Physical Move must make an Intuition Check against your Influence Check or be Infatuated.	icon	0	Class Ability
unnerve	Pokémon that damage you with a Physical Move must make an Intuition Check against your Influence Check or be Frightened.	icon	0	Class Ability
rally up!	As an Action, you can choose to rally the team in a direction. Each Team Member can move up to their Movement as a Reaction to reposition. You can only use this Feature once per Floor in a Dungeon, and twice a day outside of a Dungeon. If you use this feature outside of a Dungeon, your Team can form up to strike a dramatic pose, granting Advantage on an Influence Check.	team leader	2	Specialization Ability
fast friend	You roll an additional dice for your Influence Checks to recruit Pokémon. Additionally, you always gain 2 points on your Friendship Track whenever you would gain 1 point.	silver-tongued	2	Specialization Ability
tactical manoeuvre	As a Reaction, you can choose one Ally to move up to their Movement, and then Use a Move. Treat this Move as an Opportunity Strike for the purposes of dealing damage and inflicting Statuses.	team leader	4	Specialization Ability
sales pitch	You can sell Items at prices 20% higher, and buy Items at prices 20% lower.	silver-tongued	4	Specialization Ability
co-star	Whenever you enter a Battle, choose one Ally. You copy any Stat changes that Ally currently has.	icon	5	Class Ability
tight formation	Whenever a Move would deal damage to multiple allies, such as a Move with a Room range, that damage is divided by each Team Member that would be damaged by the Move.	team leader	7	Specialization Ability
share the spotlight	Whenever you Infatuate or Frighten a Pokémon, you heal yourself or an Ally Pokémon for 2d6, and cause the afflicted Pokémon to be Infatuated or Frightened of one Ally of your choice.).	silver-tongued	7	Specialization Ability
team attack, go!	You can use an Action to form a Team Attack at a single Foe, consisting of two or more team members' moves. Any Pokémon involved in the Team Attack can use half their Movement to reposition, and use a single Move.)	icon	10	Class Ability
guild associate	You gain 1d6 to Social Skill Checks when interacting with members of a Guild.	guild intern		Origin Feature
do you even know who i am?	You gain 1d6 to Social Skill Checks when you reveal your noble heritage to the target of your Check.	noble		Origin Feature
a pokemon by any other name	You gain 1d6 to Deceive Skill Checks when posing as somebody else.	fallen noble		Origin Feature
in your element	You gain 1d6 to Ecology Skill Checks when you are gathering information about locations that you’re unfamiliar with.	wanderer		Origin Feature
old tricks	You gain 1d6 to Sneak Skill Checks when performing a criminal activity.	outlaw		Origin Feature
deeper insight	You gain 1d6 for Social Skill Checks against a Pokémon you know the Aura of.	mystic		Origin Feature
hardened resolve	You gain 1d6 to Endurance Checks when you need to survive a situation of dire intensity.	survivor		Origin Feature
artifact lore	You gain 1d6 to Intellect Skill Checks when recalling information about objects of mysterious origin.	archeologist		Origin Feature
pack hunting	You gain 1d6 to Exploration Skill Checks whenever you work with your Team.	tribal		Origin Feature
more than just a hunch	If you score well above the Difficulty for an Intuition Skill Check against another Pokémon, you learn a secret that the target holds close to them.	sleuth		Origin Feature
mercantile connections	You gain 1d6 to Social Skill Checks when interacting with business owners.	merchant		Origin Feature
dimensional scream	If you score well above the Difficulty for an Awareness Check, you can occasionally glimpse into the past or future of the related target of your Check. The GM will describe this vision as it unfurls before you.	human		Origin Feature